--
-- PostgreSQL database dump
--

-- Dumped from database version 15.0
-- Dumped by pg_dump version 15.0

-- Started on 2023-02-19 16:32:01

SET statement_timeout = 0;
SET lock_timeout = 0;
SET idle_in_transaction_session_timeout = 0;
SET client_encoding = 'UTF8';
SET standard_conforming_strings = on;
SELECT pg_catalog.set_config('search_path', '', false);
SET check_function_bodies = false;
SET xmloption = content;
SET client_min_messages = warning;
SET row_security = off;

SET default_tablespace = '';

SET default_table_access_method = heap;

--
-- TOC entry 221 (class 1259 OID 17126)
-- Name: auth_group; Type: TABLE; Schema: public; Owner: postgres
--

CREATE TABLE public.auth_group (
    id integer NOT NULL,
    name character varying(150) NOT NULL
);


ALTER TABLE public.auth_group OWNER TO postgres;

--
-- TOC entry 220 (class 1259 OID 17125)
-- Name: auth_group_id_seq; Type: SEQUENCE; Schema: public; Owner: postgres
--

ALTER TABLE public.auth_group ALTER COLUMN id ADD GENERATED BY DEFAULT AS IDENTITY (
    SEQUENCE NAME public.auth_group_id_seq
    START WITH 1
    INCREMENT BY 1
    NO MINVALUE
    NO MAXVALUE
    CACHE 1
);


--
-- TOC entry 223 (class 1259 OID 17134)
-- Name: auth_group_permissions; Type: TABLE; Schema: public; Owner: postgres
--

CREATE TABLE public.auth_group_permissions (
    id bigint NOT NULL,
    group_id integer NOT NULL,
    permission_id integer NOT NULL
);


ALTER TABLE public.auth_group_permissions OWNER TO postgres;

--
-- TOC entry 222 (class 1259 OID 17133)
-- Name: auth_group_permissions_id_seq; Type: SEQUENCE; Schema: public; Owner: postgres
--

ALTER TABLE public.auth_group_permissions ALTER COLUMN id ADD GENERATED BY DEFAULT AS IDENTITY (
    SEQUENCE NAME public.auth_group_permissions_id_seq
    START WITH 1
    INCREMENT BY 1
    NO MINVALUE
    NO MAXVALUE
    CACHE 1
);


--
-- TOC entry 219 (class 1259 OID 17120)
-- Name: auth_permission; Type: TABLE; Schema: public; Owner: postgres
--

CREATE TABLE public.auth_permission (
    id integer NOT NULL,
    name character varying(255) NOT NULL,
    content_type_id integer NOT NULL,
    codename character varying(100) NOT NULL
);


ALTER TABLE public.auth_permission OWNER TO postgres;

--
-- TOC entry 218 (class 1259 OID 17119)
-- Name: auth_permission_id_seq; Type: SEQUENCE; Schema: public; Owner: postgres
--

ALTER TABLE public.auth_permission ALTER COLUMN id ADD GENERATED BY DEFAULT AS IDENTITY (
    SEQUENCE NAME public.auth_permission_id_seq
    START WITH 1
    INCREMENT BY 1
    NO MINVALUE
    NO MAXVALUE
    CACHE 1
);


--
-- TOC entry 225 (class 1259 OID 17140)
-- Name: auth_user; Type: TABLE; Schema: public; Owner: postgres
--

CREATE TABLE public.auth_user (
    id integer NOT NULL,
    password character varying(128) NOT NULL,
    last_login timestamp with time zone,
    is_superuser boolean NOT NULL,
    username character varying(150) NOT NULL,
    first_name character varying(150) NOT NULL,
    last_name character varying(150) NOT NULL,
    email character varying(254) NOT NULL,
    is_staff boolean NOT NULL,
    is_active boolean NOT NULL,
    date_joined timestamp with time zone NOT NULL
);


ALTER TABLE public.auth_user OWNER TO postgres;

--
-- TOC entry 227 (class 1259 OID 17148)
-- Name: auth_user_groups; Type: TABLE; Schema: public; Owner: postgres
--

CREATE TABLE public.auth_user_groups (
    id bigint NOT NULL,
    user_id integer NOT NULL,
    group_id integer NOT NULL
);


ALTER TABLE public.auth_user_groups OWNER TO postgres;

--
-- TOC entry 226 (class 1259 OID 17147)
-- Name: auth_user_groups_id_seq; Type: SEQUENCE; Schema: public; Owner: postgres
--

ALTER TABLE public.auth_user_groups ALTER COLUMN id ADD GENERATED BY DEFAULT AS IDENTITY (
    SEQUENCE NAME public.auth_user_groups_id_seq
    START WITH 1
    INCREMENT BY 1
    NO MINVALUE
    NO MAXVALUE
    CACHE 1
);


--
-- TOC entry 224 (class 1259 OID 17139)
-- Name: auth_user_id_seq; Type: SEQUENCE; Schema: public; Owner: postgres
--

ALTER TABLE public.auth_user ALTER COLUMN id ADD GENERATED BY DEFAULT AS IDENTITY (
    SEQUENCE NAME public.auth_user_id_seq
    START WITH 1
    INCREMENT BY 1
    NO MINVALUE
    NO MAXVALUE
    CACHE 1
);


--
-- TOC entry 229 (class 1259 OID 17154)
-- Name: auth_user_user_permissions; Type: TABLE; Schema: public; Owner: postgres
--

CREATE TABLE public.auth_user_user_permissions (
    id bigint NOT NULL,
    user_id integer NOT NULL,
    permission_id integer NOT NULL
);


ALTER TABLE public.auth_user_user_permissions OWNER TO postgres;

--
-- TOC entry 228 (class 1259 OID 17153)
-- Name: auth_user_user_permissions_id_seq; Type: SEQUENCE; Schema: public; Owner: postgres
--

ALTER TABLE public.auth_user_user_permissions ALTER COLUMN id ADD GENERATED BY DEFAULT AS IDENTITY (
    SEQUENCE NAME public.auth_user_user_permissions_id_seq
    START WITH 1
    INCREMENT BY 1
    NO MINVALUE
    NO MAXVALUE
    CACHE 1
);


--
-- TOC entry 233 (class 1259 OID 17241)
-- Name: cafe_core_app_meal; Type: TABLE; Schema: public; Owner: postgres
--

CREATE TABLE public.cafe_core_app_meal (
    id bigint NOT NULL,
    name character varying(100) NOT NULL,
    detail text NOT NULL,
    price integer NOT NULL,
    size integer NOT NULL,
    category_id bigint NOT NULL
);


ALTER TABLE public.cafe_core_app_meal OWNER TO postgres;

--
-- TOC entry 232 (class 1259 OID 17240)
-- Name: cafe_core_app_meal_id_seq; Type: SEQUENCE; Schema: public; Owner: postgres
--

ALTER TABLE public.cafe_core_app_meal ALTER COLUMN id ADD GENERATED BY DEFAULT AS IDENTITY (
    SEQUENCE NAME public.cafe_core_app_meal_id_seq
    START WITH 1
    INCREMENT BY 1
    NO MINVALUE
    NO MAXVALUE
    CACHE 1
);


--
-- TOC entry 241 (class 1259 OID 17276)
-- Name: cafe_core_app_meal_photo; Type: TABLE; Schema: public; Owner: postgres
--

CREATE TABLE public.cafe_core_app_meal_photo (
    id bigint NOT NULL,
    meal_id bigint NOT NULL,
    mealphoto_id bigint NOT NULL
);


ALTER TABLE public.cafe_core_app_meal_photo OWNER TO postgres;

--
-- TOC entry 240 (class 1259 OID 17275)
-- Name: cafe_core_app_meal_photo_id_seq; Type: SEQUENCE; Schema: public; Owner: postgres
--

ALTER TABLE public.cafe_core_app_meal_photo ALTER COLUMN id ADD GENERATED BY DEFAULT AS IDENTITY (
    SEQUENCE NAME public.cafe_core_app_meal_photo_id_seq
    START WITH 1
    INCREMENT BY 1
    NO MINVALUE
    NO MAXVALUE
    CACHE 1
);


--
-- TOC entry 235 (class 1259 OID 17251)
-- Name: cafe_core_app_mealcategory; Type: TABLE; Schema: public; Owner: postgres
--

CREATE TABLE public.cafe_core_app_mealcategory (
    id bigint NOT NULL,
    meal_type character varying(30) NOT NULL
);


ALTER TABLE public.cafe_core_app_mealcategory OWNER TO postgres;

--
-- TOC entry 234 (class 1259 OID 17250)
-- Name: cafe_core_app_mealcategory_id_seq; Type: SEQUENCE; Schema: public; Owner: postgres
--

ALTER TABLE public.cafe_core_app_mealcategory ALTER COLUMN id ADD GENERATED BY DEFAULT AS IDENTITY (
    SEQUENCE NAME public.cafe_core_app_mealcategory_id_seq
    START WITH 1
    INCREMENT BY 1
    NO MINVALUE
    NO MAXVALUE
    CACHE 1
);


--
-- TOC entry 239 (class 1259 OID 17265)
-- Name: cafe_core_app_mealclick; Type: TABLE; Schema: public; Owner: postgres
--

CREATE TABLE public.cafe_core_app_mealclick (
    id bigint NOT NULL,
    click_date date NOT NULL,
    meal_id bigint NOT NULL
);


ALTER TABLE public.cafe_core_app_mealclick OWNER TO postgres;

--
-- TOC entry 238 (class 1259 OID 17264)
-- Name: cafe_core_app_mealclick_id_seq; Type: SEQUENCE; Schema: public; Owner: postgres
--

ALTER TABLE public.cafe_core_app_mealclick ALTER COLUMN id ADD GENERATED BY DEFAULT AS IDENTITY (
    SEQUENCE NAME public.cafe_core_app_mealclick_id_seq
    START WITH 1
    INCREMENT BY 1
    NO MINVALUE
    NO MAXVALUE
    CACHE 1
);


--
-- TOC entry 237 (class 1259 OID 17257)
-- Name: cafe_core_app_mealphoto; Type: TABLE; Schema: public; Owner: postgres
--

CREATE TABLE public.cafe_core_app_mealphoto (
    id bigint NOT NULL,
    path text NOT NULL,
    title timestamp with time zone NOT NULL
);


ALTER TABLE public.cafe_core_app_mealphoto OWNER TO postgres;

--
-- TOC entry 236 (class 1259 OID 17256)
-- Name: cafe_core_app_mealphoto_id_seq; Type: SEQUENCE; Schema: public; Owner: postgres
--

ALTER TABLE public.cafe_core_app_mealphoto ALTER COLUMN id ADD GENERATED BY DEFAULT AS IDENTITY (
    SEQUENCE NAME public.cafe_core_app_mealphoto_id_seq
    START WITH 1
    INCREMENT BY 1
    NO MINVALUE
    NO MAXVALUE
    CACHE 1
);


--
-- TOC entry 231 (class 1259 OID 17212)
-- Name: django_admin_log; Type: TABLE; Schema: public; Owner: postgres
--

CREATE TABLE public.django_admin_log (
    id integer NOT NULL,
    action_time timestamp with time zone NOT NULL,
    object_id text,
    object_repr character varying(200) NOT NULL,
    action_flag smallint NOT NULL,
    change_message text NOT NULL,
    content_type_id integer,
    user_id integer NOT NULL,
    CONSTRAINT django_admin_log_action_flag_check CHECK ((action_flag >= 0))
);


ALTER TABLE public.django_admin_log OWNER TO postgres;

--
-- TOC entry 230 (class 1259 OID 17211)
-- Name: django_admin_log_id_seq; Type: SEQUENCE; Schema: public; Owner: postgres
--

ALTER TABLE public.django_admin_log ALTER COLUMN id ADD GENERATED BY DEFAULT AS IDENTITY (
    SEQUENCE NAME public.django_admin_log_id_seq
    START WITH 1
    INCREMENT BY 1
    NO MINVALUE
    NO MAXVALUE
    CACHE 1
);


--
-- TOC entry 217 (class 1259 OID 17112)
-- Name: django_content_type; Type: TABLE; Schema: public; Owner: postgres
--

CREATE TABLE public.django_content_type (
    id integer NOT NULL,
    app_label character varying(100) NOT NULL,
    model character varying(100) NOT NULL
);


ALTER TABLE public.django_content_type OWNER TO postgres;

--
-- TOC entry 216 (class 1259 OID 17111)
-- Name: django_content_type_id_seq; Type: SEQUENCE; Schema: public; Owner: postgres
--

ALTER TABLE public.django_content_type ALTER COLUMN id ADD GENERATED BY DEFAULT AS IDENTITY (
    SEQUENCE NAME public.django_content_type_id_seq
    START WITH 1
    INCREMENT BY 1
    NO MINVALUE
    NO MAXVALUE
    CACHE 1
);


--
-- TOC entry 215 (class 1259 OID 17104)
-- Name: django_migrations; Type: TABLE; Schema: public; Owner: postgres
--

CREATE TABLE public.django_migrations (
    id bigint NOT NULL,
    app character varying(255) NOT NULL,
    name character varying(255) NOT NULL,
    applied timestamp with time zone NOT NULL
);


ALTER TABLE public.django_migrations OWNER TO postgres;

--
-- TOC entry 214 (class 1259 OID 17103)
-- Name: django_migrations_id_seq; Type: SEQUENCE; Schema: public; Owner: postgres
--

ALTER TABLE public.django_migrations ALTER COLUMN id ADD GENERATED BY DEFAULT AS IDENTITY (
    SEQUENCE NAME public.django_migrations_id_seq
    START WITH 1
    INCREMENT BY 1
    NO MINVALUE
    NO MAXVALUE
    CACHE 1
);


--
-- TOC entry 242 (class 1259 OID 17303)
-- Name: django_session; Type: TABLE; Schema: public; Owner: postgres
--

CREATE TABLE public.django_session (
    session_key character varying(40) NOT NULL,
    session_data text NOT NULL,
    expire_date timestamp with time zone NOT NULL
);


ALTER TABLE public.django_session OWNER TO postgres;

--
-- TOC entry 3471 (class 0 OID 17126)
-- Dependencies: 221
-- Data for Name: auth_group; Type: TABLE DATA; Schema: public; Owner: postgres
--

COPY public.auth_group (id, name) FROM stdin;
\.


--
-- TOC entry 3473 (class 0 OID 17134)
-- Dependencies: 223
-- Data for Name: auth_group_permissions; Type: TABLE DATA; Schema: public; Owner: postgres
--

COPY public.auth_group_permissions (id, group_id, permission_id) FROM stdin;
\.


--
-- TOC entry 3469 (class 0 OID 17120)
-- Dependencies: 219
-- Data for Name: auth_permission; Type: TABLE DATA; Schema: public; Owner: postgres
--

COPY public.auth_permission (id, name, content_type_id, codename) FROM stdin;
1	Can add log entry	1	add_logentry
2	Can change log entry	1	change_logentry
3	Can delete log entry	1	delete_logentry
4	Can view log entry	1	view_logentry
5	Can add permission	2	add_permission
6	Can change permission	2	change_permission
7	Can delete permission	2	delete_permission
8	Can view permission	2	view_permission
9	Can add group	3	add_group
10	Can change group	3	change_group
11	Can delete group	3	delete_group
12	Can view group	3	view_group
13	Can add user	4	add_user
14	Can change user	4	change_user
15	Can delete user	4	delete_user
16	Can view user	4	view_user
17	Can add content type	5	add_contenttype
18	Can change content type	5	change_contenttype
19	Can delete content type	5	delete_contenttype
20	Can view content type	5	view_contenttype
21	Can add session	6	add_session
22	Can change session	6	change_session
23	Can delete session	6	delete_session
24	Can view session	6	view_session
25	Can add meal	7	add_meal
26	Can change meal	7	change_meal
27	Can delete meal	7	delete_meal
28	Can view meal	7	view_meal
29	Can add meal category	8	add_mealcategory
30	Can change meal category	8	change_mealcategory
31	Can delete meal category	8	delete_mealcategory
32	Can view meal category	8	view_mealcategory
33	Can add meal photo	9	add_mealphoto
34	Can change meal photo	9	change_mealphoto
35	Can delete meal photo	9	delete_mealphoto
36	Can view meal photo	9	view_mealphoto
37	Can add meal click	10	add_mealclick
38	Can change meal click	10	change_mealclick
39	Can delete meal click	10	delete_mealclick
40	Can view meal click	10	view_mealclick
\.


--
-- TOC entry 3475 (class 0 OID 17140)
-- Dependencies: 225
-- Data for Name: auth_user; Type: TABLE DATA; Schema: public; Owner: postgres
--

COPY public.auth_user (id, password, last_login, is_superuser, username, first_name, last_name, email, is_staff, is_active, date_joined) FROM stdin;
1	pbkdf2_sha256$390000$h7AKMwc1ngaTel3BvYyoAq$lUHXtmISWeOuCPzdTx9pcqII4aVjk3X8FfWf2Xn1mc4=	2023-02-07 19:13:29.660913+03	t	admin				t	t	2023-02-07 19:12:16.195836+03
\.


--
-- TOC entry 3477 (class 0 OID 17148)
-- Dependencies: 227
-- Data for Name: auth_user_groups; Type: TABLE DATA; Schema: public; Owner: postgres
--

COPY public.auth_user_groups (id, user_id, group_id) FROM stdin;
\.


--
-- TOC entry 3479 (class 0 OID 17154)
-- Dependencies: 229
-- Data for Name: auth_user_user_permissions; Type: TABLE DATA; Schema: public; Owner: postgres
--

COPY public.auth_user_user_permissions (id, user_id, permission_id) FROM stdin;
\.


--
-- TOC entry 3483 (class 0 OID 17241)
-- Dependencies: 233
-- Data for Name: cafe_core_app_meal; Type: TABLE DATA; Schema: public; Owner: postgres
--

COPY public.cafe_core_app_meal (id, name, detail, price, size, category_id) FROM stdin;
2	Шаурма	Описание шавы	11	550	1
3	Водка	40 градусов	20	300	2
1	Паста	Описание пасты	15	230	1
\.


--
-- TOC entry 3491 (class 0 OID 17276)
-- Dependencies: 241
-- Data for Name: cafe_core_app_meal_photo; Type: TABLE DATA; Schema: public; Owner: postgres
--

COPY public.cafe_core_app_meal_photo (id, meal_id, mealphoto_id) FROM stdin;
7	2	7
8	3	8
9	1	9
\.


--
-- TOC entry 3485 (class 0 OID 17251)
-- Dependencies: 235
-- Data for Name: cafe_core_app_mealcategory; Type: TABLE DATA; Schema: public; Owner: postgres
--

COPY public.cafe_core_app_mealcategory (id, meal_type) FROM stdin;
1	Горячие блюда
2	Напитки
3	Десерты
\.


--
-- TOC entry 3489 (class 0 OID 17265)
-- Dependencies: 239
-- Data for Name: cafe_core_app_mealclick; Type: TABLE DATA; Schema: public; Owner: postgres
--

COPY public.cafe_core_app_mealclick (id, click_date, meal_id) FROM stdin;
1	2023-02-07	1
2	2023-02-07	1
3	2023-02-07	1
4	2023-02-07	1
5	2023-02-07	1
6	2023-02-07	1
7	2023-02-07	1
8	2023-02-07	1
9	2023-02-07	1
10	2023-02-07	1
11	2023-02-07	1
12	2023-02-07	1
13	2023-02-07	1
14	2023-02-07	1
15	2023-02-07	1
16	2023-02-07	1
17	2023-02-07	1
18	2023-02-07	1
19	2023-02-07	1
20	2023-02-07	1
21	2023-02-07	1
22	2023-02-07	1
23	2023-02-07	1
24	2023-02-07	1
25	2023-02-07	1
26	2023-02-07	1
27	2023-02-07	1
28	2023-02-07	1
29	2023-02-07	1
30	2023-02-11	1
31	2023-02-11	1
32	2023-02-11	1
33	2023-02-11	1
34	2023-02-11	2
35	2023-02-11	2
36	2023-02-11	2
37	2023-02-11	2
38	2023-02-11	3
39	2023-02-13	3
40	2023-02-13	3
41	2023-02-13	1
42	2023-02-13	1
43	2023-02-13	1
44	2023-02-13	1
45	2023-02-13	1
46	2023-02-19	1
47	2023-02-19	1
48	2023-02-19	1
49	2023-02-19	1
50	2023-02-19	1
51	2023-02-19	1
52	2023-02-19	1
53	2023-02-19	1
54	2023-02-19	1
55	2023-02-19	2
56	2023-02-19	1
\.


--
-- TOC entry 3487 (class 0 OID 17257)
-- Dependencies: 237
-- Data for Name: cafe_core_app_mealphoto; Type: TABLE DATA; Schema: public; Owner: postgres
--

COPY public.cafe_core_app_mealphoto (id, path, title) FROM stdin;
7	C:\\MyProjectsPython\\Dj\\Dj\\cafe_core_app\\static\\images\\meal_img\\meal_2\\Шаурма.jpg	2023-02-11 21:48:48.32194+03
8	C:\\MyProjectsPython\\Dj\\Dj\\cafe_core_app\\static\\images\\meal_img\\meal_3\\Водка.jpg	2023-02-11 22:01:27.510984+03
9	C:\\MyProjectsPython\\Dj\\Dj\\cafe_core_app\\static\\images\\meal_img\\meal_1\\Паста.jpg	2023-02-13 23:03:27.381109+03
\.


--
-- TOC entry 3481 (class 0 OID 17212)
-- Dependencies: 231
-- Data for Name: django_admin_log; Type: TABLE DATA; Schema: public; Owner: postgres
--

COPY public.django_admin_log (id, action_time, object_id, object_repr, action_flag, change_message, content_type_id, user_id) FROM stdin;
1	2023-02-11 18:32:41.055396+03	3	C:\\MyProjectsPython\\Dj\\Dj\\cafe_core_app\\static\\images\\meal_img\\meal_1\\Паста.jpg	3		9	1
2	2023-02-11 18:32:41.060558+03	2	C:\\MyProjectsPython\\Dj\\Dj\\cafe_core_app\\static\\images\\meal_img\\meal_1\\Паста.jpg	3		9	1
3	2023-02-11 18:38:07.480984+03	1	C:\\MyProjectsPython\\Dj\\Dj\\cafe_core_app\\static\\images\\meal_img\\meal_1\\Паста.jpg	3		9	1
4	2023-02-11 18:46:50.904641+03	4	C:\\MyProjectsPython\\Dj\\Dj\\cafe_core_app\\static\\images\\meal_img\\meal_1\\Паста.jpg	3		9	1
5	2023-02-11 18:47:44.19159+03	5	C:\\MyProjectsPython\\Dj\\Dj\\cafe_core_app\\static\\images\\meal_img\\meal_1\\Паста.jpg	3		9	1
\.


--
-- TOC entry 3467 (class 0 OID 17112)
-- Dependencies: 217
-- Data for Name: django_content_type; Type: TABLE DATA; Schema: public; Owner: postgres
--

COPY public.django_content_type (id, app_label, model) FROM stdin;
1	admin	logentry
2	auth	permission
3	auth	group
4	auth	user
5	contenttypes	contenttype
6	sessions	session
7	cafe_core_app	meal
8	cafe_core_app	mealcategory
9	cafe_core_app	mealphoto
10	cafe_core_app	mealclick
\.


--
-- TOC entry 3465 (class 0 OID 17104)
-- Dependencies: 215
-- Data for Name: django_migrations; Type: TABLE DATA; Schema: public; Owner: postgres
--

COPY public.django_migrations (id, app, name, applied) FROM stdin;
1	contenttypes	0001_initial	2023-02-07 19:08:36.175772+03
2	auth	0001_initial	2023-02-07 19:08:36.267793+03
3	admin	0001_initial	2023-02-07 19:08:36.289624+03
4	admin	0002_logentry_remove_auto_add	2023-02-07 19:08:36.293557+03
5	admin	0003_logentry_add_action_flag_choices	2023-02-07 19:08:36.297829+03
6	contenttypes	0002_remove_content_type_name	2023-02-07 19:08:36.305417+03
7	auth	0002_alter_permission_name_max_length	2023-02-07 19:08:36.310597+03
8	auth	0003_alter_user_email_max_length	2023-02-07 19:08:36.314657+03
9	auth	0004_alter_user_username_opts	2023-02-07 19:08:36.318384+03
10	auth	0005_alter_user_last_login_null	2023-02-07 19:08:36.322385+03
11	auth	0006_require_contenttypes_0002	2023-02-07 19:08:36.323385+03
12	auth	0007_alter_validators_add_error_messages	2023-02-07 19:08:36.327386+03
13	auth	0008_alter_user_username_max_length	2023-02-07 19:08:36.336843+03
14	auth	0009_alter_user_last_name_max_length	2023-02-07 19:08:36.341307+03
15	auth	0010_alter_group_name_max_length	2023-02-07 19:08:36.346308+03
16	auth	0011_update_proxy_permissions	2023-02-07 19:08:36.350309+03
17	auth	0012_alter_user_first_name_max_length	2023-02-07 19:08:36.354941+03
18	cafe_core_app	0001_initial	2023-02-07 19:08:36.413956+03
19	sessions	0001_initial	2023-02-07 19:08:36.429384+03
\.


--
-- TOC entry 3492 (class 0 OID 17303)
-- Dependencies: 242
-- Data for Name: django_session; Type: TABLE DATA; Schema: public; Owner: postgres
--

COPY public.django_session (session_key, session_data, expire_date) FROM stdin;
ccdfbs2vtrcmb0mcu5e13mondks3rg51	.eJxVjEEOwiAQRe_C2hDKAHZcuvcMZBhAqgaS0q6Md7dNutDtf-_9t_C0LsWvPc1-iuIiBnH63QLxM9UdxAfVe5Pc6jJPQe6KPGiXtxbT63q4fweFetnqs2NGVOzQaEuD1lltsSFrASKOrDOCgjGFhClApGwMBKMsa3SGmcTnC9qgN_w:1pPQb3:dN8vGGvNaX2JYnT_BH68LFj7ALtxBQAdjfJ7k2zfYD0	2023-02-21 19:13:29.662913+03
\.


--
-- TOC entry 3498 (class 0 OID 0)
-- Dependencies: 220
-- Name: auth_group_id_seq; Type: SEQUENCE SET; Schema: public; Owner: postgres
--

SELECT pg_catalog.setval('public.auth_group_id_seq', 1, false);


--
-- TOC entry 3499 (class 0 OID 0)
-- Dependencies: 222
-- Name: auth_group_permissions_id_seq; Type: SEQUENCE SET; Schema: public; Owner: postgres
--

SELECT pg_catalog.setval('public.auth_group_permissions_id_seq', 1, false);


--
-- TOC entry 3500 (class 0 OID 0)
-- Dependencies: 218
-- Name: auth_permission_id_seq; Type: SEQUENCE SET; Schema: public; Owner: postgres
--

SELECT pg_catalog.setval('public.auth_permission_id_seq', 40, true);


--
-- TOC entry 3501 (class 0 OID 0)
-- Dependencies: 226
-- Name: auth_user_groups_id_seq; Type: SEQUENCE SET; Schema: public; Owner: postgres
--

SELECT pg_catalog.setval('public.auth_user_groups_id_seq', 1, false);


--
-- TOC entry 3502 (class 0 OID 0)
-- Dependencies: 224
-- Name: auth_user_id_seq; Type: SEQUENCE SET; Schema: public; Owner: postgres
--

SELECT pg_catalog.setval('public.auth_user_id_seq', 1, true);


--
-- TOC entry 3503 (class 0 OID 0)
-- Dependencies: 228
-- Name: auth_user_user_permissions_id_seq; Type: SEQUENCE SET; Schema: public; Owner: postgres
--

SELECT pg_catalog.setval('public.auth_user_user_permissions_id_seq', 1, false);


--
-- TOC entry 3504 (class 0 OID 0)
-- Dependencies: 232
-- Name: cafe_core_app_meal_id_seq; Type: SEQUENCE SET; Schema: public; Owner: postgres
--

SELECT pg_catalog.setval('public.cafe_core_app_meal_id_seq', 4, true);


--
-- TOC entry 3505 (class 0 OID 0)
-- Dependencies: 240
-- Name: cafe_core_app_meal_photo_id_seq; Type: SEQUENCE SET; Schema: public; Owner: postgres
--

SELECT pg_catalog.setval('public.cafe_core_app_meal_photo_id_seq', 9, true);


--
-- TOC entry 3506 (class 0 OID 0)
-- Dependencies: 234
-- Name: cafe_core_app_mealcategory_id_seq; Type: SEQUENCE SET; Schema: public; Owner: postgres
--

SELECT pg_catalog.setval('public.cafe_core_app_mealcategory_id_seq', 3, true);


--
-- TOC entry 3507 (class 0 OID 0)
-- Dependencies: 238
-- Name: cafe_core_app_mealclick_id_seq; Type: SEQUENCE SET; Schema: public; Owner: postgres
--

SELECT pg_catalog.setval('public.cafe_core_app_mealclick_id_seq', 56, true);


--
-- TOC entry 3508 (class 0 OID 0)
-- Dependencies: 236
-- Name: cafe_core_app_mealphoto_id_seq; Type: SEQUENCE SET; Schema: public; Owner: postgres
--

SELECT pg_catalog.setval('public.cafe_core_app_mealphoto_id_seq', 9, true);


--
-- TOC entry 3509 (class 0 OID 0)
-- Dependencies: 230
-- Name: django_admin_log_id_seq; Type: SEQUENCE SET; Schema: public; Owner: postgres
--

SELECT pg_catalog.setval('public.django_admin_log_id_seq', 5, true);


--
-- TOC entry 3510 (class 0 OID 0)
-- Dependencies: 216
-- Name: django_content_type_id_seq; Type: SEQUENCE SET; Schema: public; Owner: postgres
--

SELECT pg_catalog.setval('public.django_content_type_id_seq', 10, true);


--
-- TOC entry 3511 (class 0 OID 0)
-- Dependencies: 214
-- Name: django_migrations_id_seq; Type: SEQUENCE SET; Schema: public; Owner: postgres
--

SELECT pg_catalog.setval('public.django_migrations_id_seq', 19, true);


--
-- TOC entry 3256 (class 2606 OID 17238)
-- Name: auth_group auth_group_name_key; Type: CONSTRAINT; Schema: public; Owner: postgres
--

ALTER TABLE ONLY public.auth_group
    ADD CONSTRAINT auth_group_name_key UNIQUE (name);


--
-- TOC entry 3261 (class 2606 OID 17169)
-- Name: auth_group_permissions auth_group_permissions_group_id_permission_id_0cd325b0_uniq; Type: CONSTRAINT; Schema: public; Owner: postgres
--

ALTER TABLE ONLY public.auth_group_permissions
    ADD CONSTRAINT auth_group_permissions_group_id_permission_id_0cd325b0_uniq UNIQUE (group_id, permission_id);


--
-- TOC entry 3264 (class 2606 OID 17138)
-- Name: auth_group_permissions auth_group_permissions_pkey; Type: CONSTRAINT; Schema: public; Owner: postgres
--

ALTER TABLE ONLY public.auth_group_permissions
    ADD CONSTRAINT auth_group_permissions_pkey PRIMARY KEY (id);


--
-- TOC entry 3258 (class 2606 OID 17130)
-- Name: auth_group auth_group_pkey; Type: CONSTRAINT; Schema: public; Owner: postgres
--

ALTER TABLE ONLY public.auth_group
    ADD CONSTRAINT auth_group_pkey PRIMARY KEY (id);


--
-- TOC entry 3251 (class 2606 OID 17160)
-- Name: auth_permission auth_permission_content_type_id_codename_01ab375a_uniq; Type: CONSTRAINT; Schema: public; Owner: postgres
--

ALTER TABLE ONLY public.auth_permission
    ADD CONSTRAINT auth_permission_content_type_id_codename_01ab375a_uniq UNIQUE (content_type_id, codename);


--
-- TOC entry 3253 (class 2606 OID 17124)
-- Name: auth_permission auth_permission_pkey; Type: CONSTRAINT; Schema: public; Owner: postgres
--

ALTER TABLE ONLY public.auth_permission
    ADD CONSTRAINT auth_permission_pkey PRIMARY KEY (id);


--
-- TOC entry 3272 (class 2606 OID 17152)
-- Name: auth_user_groups auth_user_groups_pkey; Type: CONSTRAINT; Schema: public; Owner: postgres
--

ALTER TABLE ONLY public.auth_user_groups
    ADD CONSTRAINT auth_user_groups_pkey PRIMARY KEY (id);


--
-- TOC entry 3275 (class 2606 OID 17184)
-- Name: auth_user_groups auth_user_groups_user_id_group_id_94350c0c_uniq; Type: CONSTRAINT; Schema: public; Owner: postgres
--

ALTER TABLE ONLY public.auth_user_groups
    ADD CONSTRAINT auth_user_groups_user_id_group_id_94350c0c_uniq UNIQUE (user_id, group_id);


--
-- TOC entry 3266 (class 2606 OID 17144)
-- Name: auth_user auth_user_pkey; Type: CONSTRAINT; Schema: public; Owner: postgres
--

ALTER TABLE ONLY public.auth_user
    ADD CONSTRAINT auth_user_pkey PRIMARY KEY (id);


--
-- TOC entry 3278 (class 2606 OID 17158)
-- Name: auth_user_user_permissions auth_user_user_permissions_pkey; Type: CONSTRAINT; Schema: public; Owner: postgres
--

ALTER TABLE ONLY public.auth_user_user_permissions
    ADD CONSTRAINT auth_user_user_permissions_pkey PRIMARY KEY (id);


--
-- TOC entry 3281 (class 2606 OID 17198)
-- Name: auth_user_user_permissions auth_user_user_permissions_user_id_permission_id_14a6b632_uniq; Type: CONSTRAINT; Schema: public; Owner: postgres
--

ALTER TABLE ONLY public.auth_user_user_permissions
    ADD CONSTRAINT auth_user_user_permissions_user_id_permission_id_14a6b632_uniq UNIQUE (user_id, permission_id);


--
-- TOC entry 3269 (class 2606 OID 17233)
-- Name: auth_user auth_user_username_key; Type: CONSTRAINT; Schema: public; Owner: postgres
--

ALTER TABLE ONLY public.auth_user
    ADD CONSTRAINT auth_user_username_key UNIQUE (username);


--
-- TOC entry 3289 (class 2606 OID 17249)
-- Name: cafe_core_app_meal cafe_core_app_meal_detail_key; Type: CONSTRAINT; Schema: public; Owner: postgres
--

ALTER TABLE ONLY public.cafe_core_app_meal
    ADD CONSTRAINT cafe_core_app_meal_detail_key UNIQUE (detail);


--
-- TOC entry 3301 (class 2606 OID 17290)
-- Name: cafe_core_app_meal_photo cafe_core_app_meal_photo_meal_id_mealphoto_id_5736fcdd_uniq; Type: CONSTRAINT; Schema: public; Owner: postgres
--

ALTER TABLE ONLY public.cafe_core_app_meal_photo
    ADD CONSTRAINT cafe_core_app_meal_photo_meal_id_mealphoto_id_5736fcdd_uniq UNIQUE (meal_id, mealphoto_id);


--
-- TOC entry 3304 (class 2606 OID 17280)
-- Name: cafe_core_app_meal_photo cafe_core_app_meal_photo_pkey; Type: CONSTRAINT; Schema: public; Owner: postgres
--

ALTER TABLE ONLY public.cafe_core_app_meal_photo
    ADD CONSTRAINT cafe_core_app_meal_photo_pkey PRIMARY KEY (id);


--
-- TOC entry 3291 (class 2606 OID 17247)
-- Name: cafe_core_app_meal cafe_core_app_meal_pkey; Type: CONSTRAINT; Schema: public; Owner: postgres
--

ALTER TABLE ONLY public.cafe_core_app_meal
    ADD CONSTRAINT cafe_core_app_meal_pkey PRIMARY KEY (id);


--
-- TOC entry 3293 (class 2606 OID 17255)
-- Name: cafe_core_app_mealcategory cafe_core_app_mealcategory_pkey; Type: CONSTRAINT; Schema: public; Owner: postgres
--

ALTER TABLE ONLY public.cafe_core_app_mealcategory
    ADD CONSTRAINT cafe_core_app_mealcategory_pkey PRIMARY KEY (id);


--
-- TOC entry 3298 (class 2606 OID 17269)
-- Name: cafe_core_app_mealclick cafe_core_app_mealclick_pkey; Type: CONSTRAINT; Schema: public; Owner: postgres
--

ALTER TABLE ONLY public.cafe_core_app_mealclick
    ADD CONSTRAINT cafe_core_app_mealclick_pkey PRIMARY KEY (id);


--
-- TOC entry 3295 (class 2606 OID 17263)
-- Name: cafe_core_app_mealphoto cafe_core_app_mealphoto_pkey; Type: CONSTRAINT; Schema: public; Owner: postgres
--

ALTER TABLE ONLY public.cafe_core_app_mealphoto
    ADD CONSTRAINT cafe_core_app_mealphoto_pkey PRIMARY KEY (id);


--
-- TOC entry 3284 (class 2606 OID 17219)
-- Name: django_admin_log django_admin_log_pkey; Type: CONSTRAINT; Schema: public; Owner: postgres
--

ALTER TABLE ONLY public.django_admin_log
    ADD CONSTRAINT django_admin_log_pkey PRIMARY KEY (id);


--
-- TOC entry 3246 (class 2606 OID 17118)
-- Name: django_content_type django_content_type_app_label_model_76bd3d3b_uniq; Type: CONSTRAINT; Schema: public; Owner: postgres
--

ALTER TABLE ONLY public.django_content_type
    ADD CONSTRAINT django_content_type_app_label_model_76bd3d3b_uniq UNIQUE (app_label, model);


--
-- TOC entry 3248 (class 2606 OID 17116)
-- Name: django_content_type django_content_type_pkey; Type: CONSTRAINT; Schema: public; Owner: postgres
--

ALTER TABLE ONLY public.django_content_type
    ADD CONSTRAINT django_content_type_pkey PRIMARY KEY (id);


--
-- TOC entry 3244 (class 2606 OID 17110)
-- Name: django_migrations django_migrations_pkey; Type: CONSTRAINT; Schema: public; Owner: postgres
--

ALTER TABLE ONLY public.django_migrations
    ADD CONSTRAINT django_migrations_pkey PRIMARY KEY (id);


--
-- TOC entry 3307 (class 2606 OID 17309)
-- Name: django_session django_session_pkey; Type: CONSTRAINT; Schema: public; Owner: postgres
--

ALTER TABLE ONLY public.django_session
    ADD CONSTRAINT django_session_pkey PRIMARY KEY (session_key);


--
-- TOC entry 3254 (class 1259 OID 17239)
-- Name: auth_group_name_a6ea08ec_like; Type: INDEX; Schema: public; Owner: postgres
--

CREATE INDEX auth_group_name_a6ea08ec_like ON public.auth_group USING btree (name varchar_pattern_ops);


--
-- TOC entry 3259 (class 1259 OID 17180)
-- Name: auth_group_permissions_group_id_b120cbf9; Type: INDEX; Schema: public; Owner: postgres
--

CREATE INDEX auth_group_permissions_group_id_b120cbf9 ON public.auth_group_permissions USING btree (group_id);


--
-- TOC entry 3262 (class 1259 OID 17181)
-- Name: auth_group_permissions_permission_id_84c5c92e; Type: INDEX; Schema: public; Owner: postgres
--

CREATE INDEX auth_group_permissions_permission_id_84c5c92e ON public.auth_group_permissions USING btree (permission_id);


--
-- TOC entry 3249 (class 1259 OID 17166)
-- Name: auth_permission_content_type_id_2f476e4b; Type: INDEX; Schema: public; Owner: postgres
--

CREATE INDEX auth_permission_content_type_id_2f476e4b ON public.auth_permission USING btree (content_type_id);


--
-- TOC entry 3270 (class 1259 OID 17196)
-- Name: auth_user_groups_group_id_97559544; Type: INDEX; Schema: public; Owner: postgres
--

CREATE INDEX auth_user_groups_group_id_97559544 ON public.auth_user_groups USING btree (group_id);


--
-- TOC entry 3273 (class 1259 OID 17195)
-- Name: auth_user_groups_user_id_6a12ed8b; Type: INDEX; Schema: public; Owner: postgres
--

CREATE INDEX auth_user_groups_user_id_6a12ed8b ON public.auth_user_groups USING btree (user_id);


--
-- TOC entry 3276 (class 1259 OID 17210)
-- Name: auth_user_user_permissions_permission_id_1fbb5f2c; Type: INDEX; Schema: public; Owner: postgres
--

CREATE INDEX auth_user_user_permissions_permission_id_1fbb5f2c ON public.auth_user_user_permissions USING btree (permission_id);


--
-- TOC entry 3279 (class 1259 OID 17209)
-- Name: auth_user_user_permissions_user_id_a95ead1b; Type: INDEX; Schema: public; Owner: postgres
--

CREATE INDEX auth_user_user_permissions_user_id_a95ead1b ON public.auth_user_user_permissions USING btree (user_id);


--
-- TOC entry 3267 (class 1259 OID 17234)
-- Name: auth_user_username_6821ab7c_like; Type: INDEX; Schema: public; Owner: postgres
--

CREATE INDEX auth_user_username_6821ab7c_like ON public.auth_user USING btree (username varchar_pattern_ops);


--
-- TOC entry 3286 (class 1259 OID 17288)
-- Name: cafe_core_app_meal_category_id_d2a9ed31; Type: INDEX; Schema: public; Owner: postgres
--

CREATE INDEX cafe_core_app_meal_category_id_d2a9ed31 ON public.cafe_core_app_meal USING btree (category_id);


--
-- TOC entry 3287 (class 1259 OID 17281)
-- Name: cafe_core_app_meal_detail_2e7d9518_like; Type: INDEX; Schema: public; Owner: postgres
--

CREATE INDEX cafe_core_app_meal_detail_2e7d9518_like ON public.cafe_core_app_meal USING btree (detail text_pattern_ops);


--
-- TOC entry 3299 (class 1259 OID 17301)
-- Name: cafe_core_app_meal_photo_meal_id_40978ab6; Type: INDEX; Schema: public; Owner: postgres
--

CREATE INDEX cafe_core_app_meal_photo_meal_id_40978ab6 ON public.cafe_core_app_meal_photo USING btree (meal_id);


--
-- TOC entry 3302 (class 1259 OID 17302)
-- Name: cafe_core_app_meal_photo_mealphoto_id_b7b23a4d; Type: INDEX; Schema: public; Owner: postgres
--

CREATE INDEX cafe_core_app_meal_photo_mealphoto_id_b7b23a4d ON public.cafe_core_app_meal_photo USING btree (mealphoto_id);


--
-- TOC entry 3296 (class 1259 OID 17287)
-- Name: cafe_core_app_mealclick_meal_id_fed88986; Type: INDEX; Schema: public; Owner: postgres
--

CREATE INDEX cafe_core_app_mealclick_meal_id_fed88986 ON public.cafe_core_app_mealclick USING btree (meal_id);


--
-- TOC entry 3282 (class 1259 OID 17230)
-- Name: django_admin_log_content_type_id_c4bce8eb; Type: INDEX; Schema: public; Owner: postgres
--

CREATE INDEX django_admin_log_content_type_id_c4bce8eb ON public.django_admin_log USING btree (content_type_id);


--
-- TOC entry 3285 (class 1259 OID 17231)
-- Name: django_admin_log_user_id_c564eba6; Type: INDEX; Schema: public; Owner: postgres
--

CREATE INDEX django_admin_log_user_id_c564eba6 ON public.django_admin_log USING btree (user_id);


--
-- TOC entry 3305 (class 1259 OID 17311)
-- Name: django_session_expire_date_a5c62663; Type: INDEX; Schema: public; Owner: postgres
--

CREATE INDEX django_session_expire_date_a5c62663 ON public.django_session USING btree (expire_date);


--
-- TOC entry 3308 (class 1259 OID 17310)
-- Name: django_session_session_key_c0390e0f_like; Type: INDEX; Schema: public; Owner: postgres
--

CREATE INDEX django_session_session_key_c0390e0f_like ON public.django_session USING btree (session_key varchar_pattern_ops);


--
-- TOC entry 3310 (class 2606 OID 17175)
-- Name: auth_group_permissions auth_group_permissio_permission_id_84c5c92e_fk_auth_perm; Type: FK CONSTRAINT; Schema: public; Owner: postgres
--

ALTER TABLE ONLY public.auth_group_permissions
    ADD CONSTRAINT auth_group_permissio_permission_id_84c5c92e_fk_auth_perm FOREIGN KEY (permission_id) REFERENCES public.auth_permission(id) DEFERRABLE INITIALLY DEFERRED;


--
-- TOC entry 3311 (class 2606 OID 17170)
-- Name: auth_group_permissions auth_group_permissions_group_id_b120cbf9_fk_auth_group_id; Type: FK CONSTRAINT; Schema: public; Owner: postgres
--

ALTER TABLE ONLY public.auth_group_permissions
    ADD CONSTRAINT auth_group_permissions_group_id_b120cbf9_fk_auth_group_id FOREIGN KEY (group_id) REFERENCES public.auth_group(id) DEFERRABLE INITIALLY DEFERRED;


--
-- TOC entry 3309 (class 2606 OID 17161)
-- Name: auth_permission auth_permission_content_type_id_2f476e4b_fk_django_co; Type: FK CONSTRAINT; Schema: public; Owner: postgres
--

ALTER TABLE ONLY public.auth_permission
    ADD CONSTRAINT auth_permission_content_type_id_2f476e4b_fk_django_co FOREIGN KEY (content_type_id) REFERENCES public.django_content_type(id) DEFERRABLE INITIALLY DEFERRED;


--
-- TOC entry 3312 (class 2606 OID 17190)
-- Name: auth_user_groups auth_user_groups_group_id_97559544_fk_auth_group_id; Type: FK CONSTRAINT; Schema: public; Owner: postgres
--

ALTER TABLE ONLY public.auth_user_groups
    ADD CONSTRAINT auth_user_groups_group_id_97559544_fk_auth_group_id FOREIGN KEY (group_id) REFERENCES public.auth_group(id) DEFERRABLE INITIALLY DEFERRED;


--
-- TOC entry 3313 (class 2606 OID 17185)
-- Name: auth_user_groups auth_user_groups_user_id_6a12ed8b_fk_auth_user_id; Type: FK CONSTRAINT; Schema: public; Owner: postgres
--

ALTER TABLE ONLY public.auth_user_groups
    ADD CONSTRAINT auth_user_groups_user_id_6a12ed8b_fk_auth_user_id FOREIGN KEY (user_id) REFERENCES public.auth_user(id) DEFERRABLE INITIALLY DEFERRED;


--
-- TOC entry 3314 (class 2606 OID 17204)
-- Name: auth_user_user_permissions auth_user_user_permi_permission_id_1fbb5f2c_fk_auth_perm; Type: FK CONSTRAINT; Schema: public; Owner: postgres
--

ALTER TABLE ONLY public.auth_user_user_permissions
    ADD CONSTRAINT auth_user_user_permi_permission_id_1fbb5f2c_fk_auth_perm FOREIGN KEY (permission_id) REFERENCES public.auth_permission(id) DEFERRABLE INITIALLY DEFERRED;


--
-- TOC entry 3315 (class 2606 OID 17199)
-- Name: auth_user_user_permissions auth_user_user_permissions_user_id_a95ead1b_fk_auth_user_id; Type: FK CONSTRAINT; Schema: public; Owner: postgres
--

ALTER TABLE ONLY public.auth_user_user_permissions
    ADD CONSTRAINT auth_user_user_permissions_user_id_a95ead1b_fk_auth_user_id FOREIGN KEY (user_id) REFERENCES public.auth_user(id) DEFERRABLE INITIALLY DEFERRED;


--
-- TOC entry 3318 (class 2606 OID 17270)
-- Name: cafe_core_app_meal cafe_core_app_meal_category_id_d2a9ed31_fk_cafe_core; Type: FK CONSTRAINT; Schema: public; Owner: postgres
--

ALTER TABLE ONLY public.cafe_core_app_meal
    ADD CONSTRAINT cafe_core_app_meal_category_id_d2a9ed31_fk_cafe_core FOREIGN KEY (category_id) REFERENCES public.cafe_core_app_mealcategory(id) DEFERRABLE INITIALLY DEFERRED;


--
-- TOC entry 3320 (class 2606 OID 17291)
-- Name: cafe_core_app_meal_photo cafe_core_app_meal_p_meal_id_40978ab6_fk_cafe_core; Type: FK CONSTRAINT; Schema: public; Owner: postgres
--

ALTER TABLE ONLY public.cafe_core_app_meal_photo
    ADD CONSTRAINT cafe_core_app_meal_p_meal_id_40978ab6_fk_cafe_core FOREIGN KEY (meal_id) REFERENCES public.cafe_core_app_meal(id) DEFERRABLE INITIALLY DEFERRED;


--
-- TOC entry 3321 (class 2606 OID 17296)
-- Name: cafe_core_app_meal_photo cafe_core_app_meal_p_mealphoto_id_b7b23a4d_fk_cafe_core; Type: FK CONSTRAINT; Schema: public; Owner: postgres
--

ALTER TABLE ONLY public.cafe_core_app_meal_photo
    ADD CONSTRAINT cafe_core_app_meal_p_mealphoto_id_b7b23a4d_fk_cafe_core FOREIGN KEY (mealphoto_id) REFERENCES public.cafe_core_app_mealphoto(id) DEFERRABLE INITIALLY DEFERRED;


--
-- TOC entry 3319 (class 2606 OID 17282)
-- Name: cafe_core_app_mealclick cafe_core_app_mealcl_meal_id_fed88986_fk_cafe_core; Type: FK CONSTRAINT; Schema: public; Owner: postgres
--

ALTER TABLE ONLY public.cafe_core_app_mealclick
    ADD CONSTRAINT cafe_core_app_mealcl_meal_id_fed88986_fk_cafe_core FOREIGN KEY (meal_id) REFERENCES public.cafe_core_app_meal(id) DEFERRABLE INITIALLY DEFERRED;


--
-- TOC entry 3316 (class 2606 OID 17220)
-- Name: django_admin_log django_admin_log_content_type_id_c4bce8eb_fk_django_co; Type: FK CONSTRAINT; Schema: public; Owner: postgres
--

ALTER TABLE ONLY public.django_admin_log
    ADD CONSTRAINT django_admin_log_content_type_id_c4bce8eb_fk_django_co FOREIGN KEY (content_type_id) REFERENCES public.django_content_type(id) DEFERRABLE INITIALLY DEFERRED;


--
-- TOC entry 3317 (class 2606 OID 17225)
-- Name: django_admin_log django_admin_log_user_id_c564eba6_fk_auth_user_id; Type: FK CONSTRAINT; Schema: public; Owner: postgres
--

ALTER TABLE ONLY public.django_admin_log
    ADD CONSTRAINT django_admin_log_user_id_c564eba6_fk_auth_user_id FOREIGN KEY (user_id) REFERENCES public.auth_user(id) DEFERRABLE INITIALLY DEFERRED;


-- Completed on 2023-02-19 16:32:01

--
-- PostgreSQL database dump complete
--

